{"orientation": {"w": 0.7229843153629982, "x": 0.0, "y": 0.0, "z": -0.690864443823169}, "pos": {"x": 0.10684001105661912, "y": -3.0791286769329056, "z": 0.0}, "sec": 2444}