{"orientation": {"w": 0.7237428451628056, "x": 0.0, "y": 0.0, "z": -0.6900697747877726}, "pos": {"x": 0.051031408253908096, "y": -1.8804273678252506, "z": 0.0}, "sec": 2438}