{"orientation": {"w": -0.2955407046888089, "x": 0.0, "y": -0.0, "z": 0.9553301481017137}, "pos": {"x": 9.270694865668462, "y": -3.747953240178303, "z": 0.0}, "sec": 2603}