{"orientation": {"w": 0.9762305189996703, "x": 0.0, "y": 0.0, "z": -0.21673480055965738}, "pos": {"x": 6.6592533704177095, "y": -6.2937322664909106, "z": 0.0}, "sec": 2489}