{"orientation": {"w": 0.9764718656881286, "x": 0.0, "y": 0.0, "z": -0.21564483652419186}, "pos": {"x": 5.573230603577842, "y": -5.788007092908159, "z": 0.0}, "sec": 2483}