{"orientation": {"w": 0.14041006063800324, "x": 0.0, "y": 0.0, "z": 0.9900934374449879}, "pos": {"x": 7.301948573174282, "y": -0.3819340489219779, "z": 0.0}, "sec": 2633}