{"orientation": {"w": 0.7357842571599861, "x": 0.0, "y": 0.0, "z": 0.6772160120046834}, "pos": {"x": 7.552036711188032, "y": -1.641666296738443, "z": 0.0}, "sec": 2624}