{"orientation": {"w": 0.7244867921857623, "x": 0.0, "y": 0.0, "z": -0.6892886825912522}, "pos": {"x": -0.007378801013821985, "y": -0.6818500049161929, "z": 0.0}, "sec": 2432}