{"orientation": {"w": 0.2562395100283696, "x": 0.0, "y": 0.0, "z": 0.9666133216030188}, "pos": {"x": 8.369384505625666, "y": -4.108742991163431, "z": 0.0}, "sec": 2609}