{"orientation": {"w": 0.999992022313518, "x": 0.0, "y": 0.0, "z": 0.003994409758697356}, "pos": {"x": 3.7113069920921156, "y": -5.040244998184374, "z": 0.0}, "sec": 2472}