{"orientation": {"w": 0.6413562907540141, "x": 0.0, "y": 0.0, "z": -0.767243187203544}, "pos": {"x": -0.01149102866617539, "y": -0.12864852121900192, "z": 0.0}, "sec": 2429}