{"orientation": {"w": 0.9763138210911809, "x": 0.0, "y": 0.0, "z": -0.21635924465189263}, "pos": {"x": 6.296768298391177, "y": -6.12460342663133, "z": 0.0}, "sec": 2487}