{"orientation": {"w": 0.39218915062304793, "x": 0.0, "y": 0.0, "z": 0.9198845960953864}, "pos": {"x": 8.095337811292177, "y": -3.882502480633629, "z": 0.0}, "sec": 2611}