{"orientation": {"w": -0.7026251739280145, "x": 0.0, "y": -0.0, "z": 0.7115601625742037}, "pos": {"x": 9.290201068735193, "y": -3.168964153509132, "z": 0.0}, "sec": 2599}