{"orientation": {"w": 0.7232360188093784, "x": 0.0, "y": 0.0, "z": -0.6906009420039625}, "pos": {"x": 0.08852598970422718, "y": -2.6795481604309543, "z": 0.0}, "sec": 2442}