{"orientation": {"w": 0.008017815264453644, "x": 0.0, "y": 0.0, "z": 0.9999678568026}, "pos": {"x": 10.728742040840254, "y": -1.3186105625326552, "z": 0.0}, "sec": 2581}