{"orientation": {"w": 0.48803110850601544, "x": 0.0, "y": 0.0, "z": 0.8728262353586708}, "pos": {"x": 7.581337729270891, "y": -3.074400749680044, "z": 0.0}, "sec": 2616}