{"orientation": {"w": 0.7233600966629873, "x": 0.0, "y": 0.0, "z": -0.6904709773449669}, "pos": {"x": 0.07935316008527533, "y": -2.48176075235949, "z": 0.0}, "sec": 2441}