{"orientation": {"w": 0.008917776444720906, "x": 0.0, "y": 0.0, "z": 0.9999602358410469}, "pos": {"x": 9.730885304157573, "y": -1.301708984739663, "z": 0.0}, "sec": 2586}