{"orientation": {"w": 0.3234311181048574, "x": 0.0, "y": 0.0, "z": 0.946251716955611}, "pos": {"x": 7.644200688396419, "y": -0.4910045550180602, "z": 0.0}, "sec": 2631}