{"orientation": {"w": 0.9999833545003483, "x": 0.0, "y": 0.0, "z": -0.005769811282081634}, "pos": {"x": 0.0, "y": 0.0, "z": 0.0}, "sec": 2425}