{"orientation": {"w": 0.8111293534858178, "x": 0.0, "y": 0.0, "z": -0.5848667984367716}, "pos": {"x": 0.00027129406066589933, "y": -0.0007525433743428327, "z": 0.0}, "sec": 2428}