{"orientation": {"w": 0.48877069444964205, "x": 0.0, "y": 0.0, "z": 0.872412292581446}, "pos": {"x": 8.000682231555528, "y": -3.7556863184682983, "z": 0.0}, "sec": 2612}