{"orientation": {"w": 0.7226015165626338, "x": 0.0, "y": 0.0, "z": -0.6912648177517656}, "pos": {"x": 0.1337592287499347, "y": -3.678524470255279, "z": 0.0}, "sec": 2447}