{"orientation": {"w": 0.9767384547094252, "x": 0.0, "y": 0.0, "z": -0.21443411830173859}, "pos": {"x": 4.300906841704914, "y": -5.199113862963554, "z": 0.0}, "sec": 2476}