{"orientation": {"w": -0.7027561586700661, "x": 0.0, "y": -0.0, "z": 0.7114307987789767}, "pos": {"x": 9.29266524576726, "y": -2.9709794888510888, "z": 0.0}, "sec": 2598}