{"orientation": {"w": 0.13911623751166796, "x": 0.0, "y": 0.0, "z": 0.9902760587132242}, "pos": {"x": 7.494080871560768, "y": -0.43747831774293483, "z": 0.0}, "sec": 2632}