{"orientation": {"w": 0.7231138883523806, "x": 0.0, "y": 0.0, "z": -0.6907288212257404}, "pos": {"x": 0.09772056017170093, "y": -2.8793366972244496, "z": 0.0}, "sec": 2443}