{"orientation": {"w": 0.6928923809833448, "x": 0.0, "y": 0.0, "z": 0.721041017124013}, "pos": {"x": 7.647208337545274, "y": -0.4936371738303565, "z": 0.0}, "sec": 2630}