{"orientation": {"w": 0.7203564715733669, "x": 0.0, "y": 0.0, "z": -0.6936040324726847}, "pos": {"x": -0.027470478087894296, "y": -0.28235569659746457, "z": 0.0}, "sec": 2430}