{"orientation": {"w": 0.7242289341684012, "x": 0.0, "y": 0.0, "z": -0.6895596064977281}, "pos": {"x": 0.012473526494171706, "y": -1.0833595035479011, "z": 0.0}, "sec": 2434}