{"orientation": {"w": 0.00819539657176169, "x": 0.0, "y": 0.0, "z": 0.9999664171736127}, "pos": {"x": 10.530768056484577, "y": -1.315401027689188, "z": 0.0}, "sec": 2582}