{"orientation": {"w": 0.14641798480610324, "x": 0.0, "y": 0.0, "z": 0.9892228129826565}, "pos": {"x": 7.03881968585322, "y": -0.30552084425668774, "z": 0.0}, "sec": 2635}