{"orientation": {"w": 0.9949021721641863, "x": 0.0, "y": 0.0, "z": -0.10084477092533786}, "pos": {"x": 1.860491658289223, "y": -4.99639568333552, "z": 0.0}, "sec": 2462}