{"orientation": {"w": 0.7228671245234513, "x": 0.0, "y": 0.0, "z": -0.6909870623124555}, "pos": {"x": 0.1158883312002768, "y": -3.27892389081867, "z": 0.0}, "sec": 2445}