{"orientation": {"w": 0.9999906106524368, "x": 0.0, "y": 0.0, "z": 0.004333429007906581}, "pos": {"x": 3.3093209522402343, "y": -5.043594162577282, "z": 0.0}, "sec": 2470}