{"orientation": {"w": 0.49003707612315256, "x": 0.0, "y": 0.0, "z": 0.8717015911564413}, "pos": {"x": 7.47895794310804, "y": -2.9077342341157273, "z": 0.0}, "sec": 2617}