{"orientation": {"w": 0.7221098309337718, "x": 0.0, "y": 0.0, "z": -0.6917784270044849}, "pos": {"x": 0.1686399085265381, "y": -4.477763626309461, "z": 0.0}, "sec": 2451}