{"orientation": {"w": -0.7035132892918367, "x": 0.0, "y": -0.0, "z": 0.7106821031866362}, "pos": {"x": 9.306120696979951, "y": -1.7690550359688992, "z": 0.0}, "sec": 2592}