{"orientation": {"w": -0.6678575692538684, "x": 0.0, "y": -0.0, "z": 0.744289101888718}, "pos": {"x": 9.281582103118913, "y": -3.7354699878898923, "z": 0.0}, "sec": 2602}