{"orientation": {"w": 0.7351657158472099, "x": 0.0, "y": 0.0, "z": 0.6778874318372183}, "pos": {"x": 7.4703354560196615, "y": -2.6363163076834066, "z": 0.0}, "sec": 2619}