{"orientation": {"w": 0.9760353830531276, "x": 0.0, "y": 0.0, "z": -0.2176118816341021}, "pos": {"x": 7.564921569447879, "y": -6.71771910884324, "z": 0.0}, "sec": 2494}