{"orientation": {"w": 0.9999978001148523, "x": 0.0, "y": 0.0, "z": -0.002097561788352236}, "pos": {"x": 2.157371979715599, "y": -5.0541841872075075, "z": 0.0}, "sec": 2464}