{"orientation": {"w": 0.14059573288764274, "x": 0.0, "y": 0.0, "z": 0.9900670885822771}, "pos": {"x": 7.108308641798586, "y": -0.3258436173435363, "z": 0.0}, "sec": 2634}