{"orientation": {"w": 0.9759975961064264, "x": 0.0, "y": 0.0, "z": -0.21778129486821626}, "pos": {"x": 7.7459657407485825, "y": -6.8027073885686375, "z": 0.0}, "sec": 2495}