{"orientation": {"w": 0.7356607614971884, "x": 0.0, "y": 0.0, "z": 0.6773501634999263}, "pos": {"x": 7.535685982121608, "y": -1.838990023676514, "z": 0.0}, "sec": 2623}