{"orientation": {"w": 0.7362461281705727, "x": 0.0, "y": 0.0, "z": 0.6767138529347841}, "pos": {"x": 7.618792946275508, "y": -0.8444564713565896, "z": 0.0}, "sec": 2628}