{"orientation": {"w": 0.7361373014764999, "x": 0.0, "y": 0.0, "z": 0.6768322342906673}, "pos": {"x": 7.602004633595142, "y": -1.043750606158609, "z": 0.0}, "sec": 2627}