{"orientation": {"w": 0.9764324957393485, "x": 0.0, "y": 0.0, "z": -0.21582303228392263}, "pos": {"x": 5.752800624668983, "y": -5.871425358927681, "z": 0.0}, "sec": 2484}