{"orientation": {"w": 0.4877127235478849, "x": 0.0, "y": 0.0, "z": 0.8730041805681714}, "pos": {"x": 7.790922714883646, "y": -3.41509728144958, "z": 0.0}, "sec": 2614}