{"orientation": {"w": -0.19752117256999416, "x": 0.0, "y": -0.0, "z": 0.9802986210265597}, "pos": {"x": 8.737248777319026, "y": -3.977082827178202, "z": 0.0}, "sec": 2606}