{"orientation": {"w": 0.9760752849440808, "x": 0.0, "y": 0.0, "z": -0.21743283588577758}, "pos": {"x": 7.383848204413996, "y": -6.6327930465236316, "z": 0.0}, "sec": 2493}