{"orientation": {"w": 0.9999880204829905, "x": 0.0, "y": 0.0, "z": 0.004894781967570651}, "pos": {"x": 2.709346555823452, "y": -5.049133691864976, "z": 0.0}, "sec": 2467}