{"orientation": {"w": 0.48787648840817815, "x": 0.0, "y": 0.0, "z": 0.8729126714961267}, "pos": {"x": 7.686099275167379, "y": -3.2447680530986087, "z": 0.0}, "sec": 2615}