{"orientation": {"w": 0.007477579724344921, "x": 0.0, "y": 0.0, "z": 0.9999720425099224}, "pos": {"x": 11.330669769794723, "y": -1.3279365004807957, "z": 0.0}, "sec": 2578}