{"orientation": {"w": 0.9999897739387217, "x": 0.0, "y": 0.0, "z": 0.004522390737679736}, "pos": {"x": 3.1093288032260062, "y": -5.04536613264979, "z": 0.0}, "sec": 2469}