{"orientation": {"w": -0.1973498922027479, "x": 0.0, "y": -0.0, "z": 0.980333116877913}, "pos": {"x": 8.552841481054804, "y": -4.054503423130281, "z": 0.0}, "sec": 2607}