{"orientation": {"w": 0.7363610715313454, "x": 0.0, "y": 0.0, "z": 0.6765887763872593}, "pos": {"x": 7.635819332556744, "y": -0.6431753203073308, "z": 0.0}, "sec": 2629}