{"orientation": {"w": 0.48755919490887784, "x": 0.0, "y": 0.0, "z": 0.8730899332026495}, "pos": {"x": 7.89580754517122, "y": -3.5853887137657883, "z": 0.0}, "sec": 2613}