{"orientation": {"w": -0.1978872868580998, "x": 0.0, "y": -0.0, "z": 0.9802247812108915}, "pos": {"x": 9.105981154043766, "y": -3.8220459697111555, "z": 0.0}, "sec": 2604}