{"orientation": {"w": -0.15175922398220748, "x": 0.0, "y": -0.0, "z": 0.9884174917191207}, "pos": {"x": 8.397654471110739, "y": -4.118265140143693, "z": 0.0}, "sec": 2608}