{"orientation": {"w": 0.9949379261038483, "x": 0.0, "y": 0.0, "z": -0.10049140858886009}, "pos": {"x": 1.4705579123295838, "y": -4.916673245012542, "z": 0.0}, "sec": 2460}