{"orientation": {"w": -0.3575735753652739, "x": 0.0, "y": -0.0, "z": 0.933884970539999}, "pos": {"x": 9.324561294702582, "y": -1.2955407987624141, "z": 0.0}, "sec": 2589}