{"orientation": {"w": -0.7025181484181208, "x": 0.0, "y": -0.0, "z": 0.7116658282812062}, "pos": {"x": 9.287623764748725, "y": -3.3709477099966256, "z": 0.0}, "sec": 2600}