{"orientation": {"w": 0.00783498917767518, "x": 0.0, "y": 0.0, "z": 0.9999693060012321}, "pos": {"x": 10.930716638198348, "y": -1.3218139313178687, "z": 0.0}, "sec": 2580}