{"orientation": {"w": 0.709813420179005, "x": 0.0, "y": 0.0, "z": 0.7043897419282761}, "pos": {"x": 7.455722916835954, "y": -2.8357511320332525, "z": 0.0}, "sec": 2618}