{"orientation": {"w": 0.9761514771772632, "x": 0.0, "y": 0.0, "z": -0.2170905193799281}, "pos": {"x": 7.021612683682774, "y": -6.463130381012843, "z": 0.0}, "sec": 2491}