{"orientation": {"w": 0.980538470896354, "x": 0.0, "y": 0.0, "z": -0.19632704116407348}, "pos": {"x": 3.960837376202526, "y": -5.042505997137317, "z": 0.0}, "sec": 2474}