{"orientation": {"w": 0.7353064783935808, "x": 0.0, "y": 0.0, "z": 0.677734743710569}, "pos": {"x": 7.486568511892151, "y": -2.436976177703766, "z": 0.0}, "sec": 2620}