{"orientation": {"w": 0.0069600503616222085, "x": 0.0, "y": 0.0, "z": 0.9999757785561427}, "pos": {"x": 11.930607274979252, "y": -1.336594209406878, "z": 0.0}, "sec": 2575}