{"orientation": {"w": 0.735545820993053, "x": 0.0, "y": 0.0, "z": 0.677474977559803}, "pos": {"x": 7.5190784687941665, "y": -2.0403061683960453, "z": 0.0}, "sec": 2622}