{"orientation": {"w": 0.9948826715033341, "x": 0.0, "y": 0.0, "z": -0.1010369731454231}, "pos": {"x": 2.0564162490634197, "y": -5.03656475461417, "z": 0.0}, "sec": 2463}