{"orientation": {"w": 0.9759608903578779, "x": 0.0, "y": 0.0, "z": -0.21794572831752887}, "pos": {"x": 7.926980865142536, "y": -6.88775751707014, "z": 0.0}, "sec": 2496}