{"orientation": {"w": 0.976393122797579, "x": 0.0, "y": 0.0, "z": -0.2160010873898367}, "pos": {"x": 5.934153945937337, "y": -5.955751940851267, "z": 0.0}, "sec": 2485}