{"orientation": {"w": 0.9268277869600563, "x": 0.0, "y": 0.0, "z": -0.3754866886039032}, "pos": {"x": 0.17574862088118284, "y": -4.6408059775775365, "z": 0.0}, "sec": 2453}