{"orientation": {"w": 0.9762691892961924, "x": 0.0, "y": 0.0, "z": -0.21656054587794873}, "pos": {"x": 6.478027430794397, "y": -6.209132276090603, "z": 0.0}, "sec": 2488}