{"orientation": {"w": 0.7234820211189137, "x": 0.0, "y": 0.0, "z": -0.690343222692663}, "pos": {"x": 0.06992608264989005, "y": -2.2799808479787407, "z": 0.0}, "sec": 2440}