{"orientation": {"w": 0.7354228715797966, "x": 0.0, "y": 0.0, "z": 0.6776084414743709}, "pos": {"x": 7.502707577705328, "y": -2.239635025933803, "z": 0.0}, "sec": 2621}