{"orientation": {"w": 0.9999844689236779, "x": 0.0, "y": 0.0, "z": 0.005573321400190862}, "pos": {"x": 2.309367290543042, "y": -5.053205017935581, "z": 0.0}, "sec": 2465}