{"orientation": {"w": 0.9761116192840872, "x": 0.0, "y": 0.0, "z": -0.21726966354877364}, "pos": {"x": 7.202746328249138, "y": -6.547927800276099, "z": 0.0}, "sec": 2492}