{"orientation": {"w": 0.9763534410957777, "x": 0.0, "y": 0.0, "z": -0.2161803831535917}, "pos": {"x": 6.117289529762163, "y": -6.040989007086976, "z": 0.0}, "sec": 2486}