{"orientation": {"w": 0.007310011665160393, "x": 0.0, "y": 0.0, "z": 0.9999732815077887}, "pos": {"x": 11.530647910436121, "y": -1.3308933353343075, "z": 0.0}, "sec": 2577}