{"orientation": {"w": 0.9949768664204305, "x": 0.0, "y": 0.0, "z": -0.1001051211885827}, "pos": {"x": 1.076645602751315, "y": -4.836441802819525, "z": 0.0}, "sec": 2458}