{"orientation": {"w": 0.9497435831835799, "x": 0.0, "y": 0.0, "z": 0.31302895425441785}, "pos": {"x": 10.056554468924237, "y": -8.43411556951311, "z": 0.0}, "sec": 2519}