{"orientation": {"w": 0.7360175329573029, "x": 0.0, "y": 0.0, "z": 0.676962473981716}, "pos": {"x": 7.5852781995538106, "y": -1.2430499435887497, "z": 0.0}, "sec": 2626}