{"orientation": {"w": 0.31377401793696486, "x": 0.0, "y": 0.0, "z": 0.9494976912387377}, "pos": {"x": 8.218828166562869, "y": -4.003057046513177, "z": 0.0}, "sec": 2610}