{"orientation": {"w": 0.7359041762186347, "x": 0.0, "y": 0.0, "z": 0.6770856987294686}, "pos": {"x": 7.568622687424794, "y": -1.4423552207627692, "z": 0.0}, "sec": 2625}