{"orientation": {"w": 0.9761909865598116, "x": 0.0, "y": 0.0, "z": -0.21691278837215144}, "pos": {"x": 6.840448082594439, "y": -6.378399118485149, "z": 0.0}, "sec": 2490}