{"bottle": {"x": 306.0425109863281, "y": 27.86022186279297, "z": 100, "width": 126.8004150390625, "height": 279.07776641845703, "state": "static", "timestamp": 1611327300257776976, "robot_id": 3}}