{"traffic light": {"x": 365.82183837890625, "y": 406.47808837890625, "z": 100, "width": 131.05615234375, "height": 68.55972290039062, "state": "static", "timestamp": 1611327300754581928, "robot_id": 3}}