{"person": {"x": 500.2808837890625, "y": 7.388067722320557, "z": 100, "width": 134.60662841796875, "height": 289.51369619369507, "state": "dynamic", "timestamp": 1611327474756670467, "robot_id": 3}, "refrigerator": {"x": 8.730917930603027, "y": 0.0, "z": 100, "width": 157.9885492324829, "height": 298.837646484375, "state": "static", "timestamp": 1611327474756670467, "robot_id": 3}, "backpack": {"x": 490.811767578125, "y": 116.46797180175781, "z": 100, "width": 93.8206787109375, "height": 182.3506622314453, "state": "static", "timestamp": 1611327474756670467, "robot_id": 3}}