{"bottle": {"x": 304.4771728515625, "y": 31.79477310180664, "z": 100, "width": 130.14404296875, "height": 287.51308822631836, "state": "static", "timestamp": 1611327299761007786, "robot_id": 3}}