{"bottle": {"x": 304.9431457519531, "y": 27.979469299316406, "z": 100, "width": 128.620849609375, "height": 289.53783416748047, "state": "static", "timestamp": 1611327299595433712, "robot_id": 3}}