{"bottle": {"x": 303.2426452636719, "y": 31.393625259399414, "z": 100, "width": 130.624755859375, "height": 281.7347011566162, "state": "static", "timestamp": 1611327300588978291, "robot_id": 3}}