{"person": {"x": 506.1915588378906, "y": 5.698370456695557, "z": 100, "width": 129.41793823242188, "height": 291.82204580307007, "state": "dynamic", "timestamp": 1611327474723388426, "robot_id": 3}, "refrigerator": {"x": 11.622702598571777, "y": 0.0, "z": 100, "width": 157.1610345840454, "height": 295.0482177734375, "state": "static", "timestamp": 1611327474723388426, "robot_id": 3}, "backpack": {"x": 491.04718017578125, "y": 119.20230102539062, "z": 100, "width": 95.48028564453125, "height": 180.0263671875, "state": "static", "timestamp": 1611327474723388426, "robot_id": 3}}