{"bottle": {"x": 305.76837158203125, "y": 28.996417999267578, "z": 100, "width": 127.4381103515625, "height": 280.4793815612793, "state": "static", "timestamp": 1611327299429860353, "robot_id": 3}}