{"id_robot": 3, "header": {"seq": 0, "timestamp": 1611327255091348010, "frame_id": "map"}, "point": {"x": 270.2664794921875, "y": 493.03094482421875, "z": 0.0}, "orientation": {"x": 0.0, "y": 0.0, "z": 0.9998648762702942, "w": 0.016437524929642677}, "twist": {"x_l": 0.0, "y_l": 0.0, "z_l": 0.0, "x_a": 0.0, "y_a": 0.0, "z_a": 0.0}}