{"id_robot": 3, "header": {"seq": 0, "timestamp": 1611327252898704623, "frame_id": "map"}, "point": {"x": 366.8075256347656, "y": 500.5772399902344, "z": 0.0}, "orientation": {"x": 0.0, "y": 0.0, "z": 0.9968468546867371, "w": 0.07934971898794174}, "twist": {"x_l": 0.0, "y_l": 0.0, "z_l": 0.0, "x_a": 0.0, "y_a": 0.0, "z_a": 0.0}}