{"id_robot": 3, "header": {"seq": 0, "timestamp": 1611327220294630727, "frame_id": "map"}, "point": {"x": 493.9396057128906, "y": 499.66448974609375, "z": 0.0}, "orientation": {"x": 0.0, "y": 0.0, "z": 0.7495322823524475, "w": 0.6619678139686584}, "twist": {"x_l": 0.0, "y_l": 0.0, "z_l": 0.0, "x_a": 0.0, "y_a": 0.0, "z_a": 0.0}}