{"id_robot": 3, "header": {"seq": 0, "timestamp": 1611327244089153715, "frame_id": "map"}, "point": {"x": 486.8753967285156, "y": 507.6777038574219, "z": 0.0}, "orientation": {"x": 0.0, "y": 0.0, "z": -0.20581427216529846, "w": 0.9785910844802856}, "twist": {"x_l": 0.0, "y_l": 0.0, "z_l": 0.0, "x_a": 0.0, "y_a": 0.0, "z_a": 0.0}}