{"id_robot": 3, "header": {"seq": 0, "timestamp": 1611327272734097704, "frame_id": "map"}, "point": {"x": 490.2271728515625, "y": 505.708984375, "z": 0.0}, "orientation": {"x": 0.0, "y": 0.0, "z": 0.1640738546848297, "w": 0.9864480495452881}, "twist": {"x_l": 0.0, "y_l": 0.0, "z_l": 0.0, "x_a": 0.0, "y_a": 0.0, "z_a": 0.0}}