{"id_robot": 3, "header": {"seq": 0, "timestamp": 1611327250686892206, "frame_id": "map"}, "point": {"x": 461.80340576171875, "y": 515.208740234375, "z": 0.0}, "orientation": {"x": 0.0, "y": 0.0, "z": 0.9999205470085144, "w": -0.012604635208845139}, "twist": {"x_l": 0.0, "y_l": 0.0, "z_l": 0.0, "x_a": 0.0, "y_a": 0.0, "z_a": 0.0}}