{"id_robot": 3, "header": {"seq": 0, "timestamp": 1611327277135105720, "frame_id": "map"}, "point": {"x": 485.74951171875, "y": 505.626708984375, "z": 0.0}, "orientation": {"x": 0.0, "y": 0.0, "z": 0.8632095456123352, "w": 0.5048457384109497}, "twist": {"x_l": 0.0, "y_l": 0.0, "z_l": 0.0, "x_a": 0.0, "y_a": 0.0, "z_a": 0.0}}