{"id_robot": 3, "header": {"seq": 0, "timestamp": 1611327237492225124, "frame_id": "map"}, "point": {"x": 487.8779296875, "y": 500.3368225097656, "z": 0.0}, "orientation": {"x": 0.0, "y": 0.0, "z": 0.9953885078430176, "w": -0.09592567384243011}, "twist": {"x_l": 0.0, "y_l": 0.0, "z_l": 0.0, "x_a": 0.0, "y_a": 0.0, "z_a": 0.0}}