{"id_robot": 3, "header": {"seq": 0, "timestamp": 1611327222485451069, "frame_id": "map"}, "point": {"x": 492.85748291015625, "y": 496.813720703125, "z": 0.0}, "orientation": {"x": 0.0, "y": 0.0, "z": 0.1766410619020462, "w": 0.9842753410339355}, "twist": {"x_l": 0.0, "y_l": 0.0, "z_l": 0.0, "x_a": 0.0, "y_a": 0.0, "z_a": 0.0}}