{"id_robot": 3, "header": {"seq": 0, "timestamp": 1611327239684857913, "frame_id": "map"}, "point": {"x": 486.4945068359375, "y": 499.4966735839844, "z": 0.0}, "orientation": {"x": 0.0, "y": 0.0, "z": -0.8352441191673279, "w": 0.5498793125152588}, "twist": {"x_l": 0.0, "y_l": 0.0, "z_l": 0.0, "x_a": 0.0, "y_a": 0.0, "z_a": 0.0}}