{"id_robot": 3, "header": {"seq": 0, "timestamp": 1611327224698174858, "frame_id": "map"}, "point": {"x": 489.27984619140625, "y": 495.458984375, "z": 0.0}, "orientation": {"x": 0.0, "y": 0.0, "z": -0.46968531608581543, "w": 0.8828338980674744}, "twist": {"x_l": 0.0, "y_l": 0.0, "z_l": 0.0, "x_a": 0.0, "y_a": 0.0, "z_a": 0.0}}