{"id_robot": 3, "header": {"seq": 0, "timestamp": 1611327211484159584, "frame_id": "map"}, "point": {"x": 496.869384765625, "y": 502.4947509765625, "z": 0.0}, "orientation": {"x": 0.0, "y": 0.0, "z": -0.5457863807678223, "w": 0.8379243612289429}, "twist": {"x_l": 0.0, "y_l": 0.0, "z_l": 0.0, "x_a": 0.0, "y_a": 0.0, "z_a": 0.0}}