{"id_robot": 3, "header": {"seq": 0, "timestamp": 1611327274923206455, "frame_id": "map"}, "point": {"x": 490.4119567871094, "y": 505.7991943359375, "z": 0.0}, "orientation": {"x": 0.0, "y": 0.0, "z": 0.5350010991096497, "w": 0.8448513746261597}, "twist": {"x_l": 0.0, "y_l": 0.0, "z_l": 0.0, "x_a": 0.0, "y_a": 0.0, "z_a": 0.0}}