{"id_robot": 3, "header": {"seq": 0, "timestamp": 1611327241896473529, "frame_id": "map"}, "point": {"x": 486.80303955078125, "y": 503.99664306640625, "z": 0.0}, "orientation": {"x": 0.0, "y": 0.0, "z": -0.5057139992713928, "w": 0.8627011775970459}, "twist": {"x_l": 0.0, "y_l": 0.0, "z_l": 0.0, "x_a": 0.0, "y_a": 0.0, "z_a": 0.0}}