{"id_robot": 3, "header": {"seq": 0, "timestamp": 1611327266133557798, "frame_id": "map"}, "point": {"x": 250.06005859375, "y": 488.254150390625, "z": 0.0}, "orientation": {"x": 0.0, "y": 0.0, "z": -0.07098586857318878, "w": 0.9974772930145264}, "twist": {"x_l": 0.0, "y_l": 0.0, "z_l": 0.0, "x_a": 0.0, "y_a": 0.0, "z_a": 0.0}}