{"id_robot": 3, "header": {"seq": 0, "timestamp": 1611327246282743202, "frame_id": "map"}, "point": {"x": 485.5272216796875, "y": 508.3558044433594, "z": 0.0}, "orientation": {"x": 0.0, "y": 0.0, "z": -0.1463959515094757, "w": 0.9892261028289795}, "twist": {"x_l": 0.0, "y_l": 0.0, "z_l": 0.0, "x_a": 0.0, "y_a": 0.0, "z_a": 0.0}}