{"id_robot": 3, "header": {"seq": 0, "timestamp": 1611327263920825004, "frame_id": "map"}, "point": {"x": 209.51148986816406, "y": 496.0130615234375, "z": 0.0}, "orientation": {"x": 0.0, "y": 0.0, "z": 0.6784167289733887, "w": 0.7346773147583008}, "twist": {"x_l": 0.0, "y_l": 0.0, "z_l": 0.0, "x_a": 0.0, "y_a": 0.0, "z_a": 0.0}}