{"id_robot": 3, "header": {"seq": 0, "timestamp": 1611327270517823526, "frame_id": "map"}, "point": {"x": 440.7390441894531, "y": 507.531494140625, "z": 0.0}, "orientation": {"x": 0.0, "y": 0.0, "z": -0.025910887867212296, "w": 0.9996642470359802}, "twist": {"x_l": 0.0, "y_l": 0.0, "z_l": 0.0, "x_a": 0.0, "y_a": 0.0, "z_a": 0.0}}