{"id_robot": 3, "header": {"seq": 0, "timestamp": 1611327259495657492, "frame_id": "map"}, "point": {"x": 211.23736572265625, "y": 495.324462890625, "z": 0.0}, "orientation": {"x": 0.0, "y": 0.0, "z": 0.9900820255279541, "w": -0.14049041271209717}, "twist": {"x_l": 0.0, "y_l": 0.0, "z_l": 0.0, "x_a": 0.0, "y_a": 0.0, "z_a": 0.0}}