{"id_robot": 3, "header": {"seq": 0, "timestamp": 1611327218081223067, "frame_id": "map"}, "point": {"x": 493.291015625, "y": 500.87982177734375, "z": 0.0}, "orientation": {"x": 0.0, "y": 0.0, "z": 0.9085801243782043, "w": 0.41771066188812256}, "twist": {"x_l": 0.0, "y_l": 0.0, "z_l": 0.0, "x_a": 0.0, "y_a": 0.0, "z_a": 0.0}}