{"id_robot": 3, "header": {"seq": 0, "timestamp": 1611327248494367738, "frame_id": "map"}, "point": {"x": 484.0681457519531, "y": 508.8106689453125, "z": 0.0}, "orientation": {"x": 0.0, "y": 0.0, "z": -0.6509498357772827, "w": 0.759120762348175}, "twist": {"x_l": 0.0, "y_l": 0.0, "z_l": 0.0, "x_a": 0.0, "y_a": 0.0, "z_a": 0.0}}