{"id_robot": 3, "header": {"seq": 0, "timestamp": 1611327213696816762, "frame_id": "map"}, "point": {"x": 496.74017333984375, "y": 504.1883239746094, "z": 0.0}, "orientation": {"x": 0.0, "y": 0.0, "z": 0.946445643901825, "w": -0.3228631317615509}, "twist": {"x_l": 0.0, "y_l": 0.0, "z_l": 0.0, "x_a": 0.0, "y_a": 0.0, "z_a": 0.0}}