{"id_robot": 3, "header": {"seq": 0, "timestamp": 1611327226894015763, "frame_id": "map"}, "point": {"x": 489.85968017578125, "y": 497.35009765625, "z": 0.0}, "orientation": {"x": 0.0, "y": 0.0, "z": 0.9522989988327026, "w": -0.3051666021347046}, "twist": {"x_l": 0.0, "y_l": 0.0, "z_l": 0.0, "x_a": 0.0, "y_a": 0.0, "z_a": 0.0}}