{"id_robot": 3, "header": {"seq": 0, "timestamp": 1611327261728212030, "frame_id": "map"}, "point": {"x": 209.29873657226562, "y": 495.8554382324219, "z": 0.0}, "orientation": {"x": 0.0, "y": 0.0, "z": 0.9963322281837463, "w": 0.08556951582431793}, "twist": {"x_l": 0.0, "y_l": 0.0, "z_l": 0.0, "x_a": 0.0, "y_a": 0.0, "z_a": 0.0}}