{"id_robot": 3, "header": {"seq": 0, "timestamp": 1611327268325048825, "frame_id": "map"}, "point": {"x": 342.770751953125, "y": 499.4490966796875, "z": 0.0}, "orientation": {"x": 0.0, "y": 0.0, "z": -0.038980767130851746, "w": 0.999239981174469}, "twist": {"x_l": 0.0, "y_l": 0.0, "z_l": 0.0, "x_a": 0.0, "y_a": 0.0, "z_a": 0.0}}