{"id_robot": 3, "header": {"seq": 0, "timestamp": 1611327257283876026, "frame_id": "map"}, "point": {"x": 223.64012145996094, "y": 492.881103515625, "z": 0.0}, "orientation": {"x": 0.0, "y": 0.0, "z": 0.9999877214431763, "w": 0.0049515594728291035}, "twist": {"x_l": 0.0, "y_l": 0.0, "z_l": 0.0, "x_a": 0.0, "y_a": 0.0, "z_a": 0.0}}