{"orientation": {"w": 0.9999889119079511, "x": 0.0, "y": 0.0, "z": 0.004709146541783824}, "pos": {"x": 2.909337329666968, "y": -5.0472127683856, "z": 0.0}, "sec": 2468}