{"orientation": {"w": 0.006780792487966536, "x": 0.0, "y": 0.0, "z": 0.9999770101623513}, "pos": {"x": 12.130588391817147, "y": -1.3393423946524698, "z": 0.0}, "sec": 2574}