{"orientation": {"w": -0.07658313183088085, "x": 0.0, "y": -0.0, "z": 0.9970631995610779}, "pos": {"x": 0.20779345007232145, "y": 0.13935244059494395, "z": 0.0}, "sec": 2674}