{"orientation": {"w": -0.07694699208935177, "x": 0.0, "y": -0.0, "z": 0.9970351851406254}, "pos": {"x": 0.6050540737093508, "y": 0.20089908887838306, "z": 0.0}, "sec": 2672}