{"orientation": {"w": 0.008568445515705125, "x": 0.0, "y": 0.0, "z": 0.9999632901969173}, "pos": {"x": 10.130824232549063, "y": -1.3086980387198186, "z": 0.0}, "sec": 2584}