{"orientation": {"w": 0.3223336725579106, "x": 0.0, "y": 0.0, "z": 0.9466261160222286}, "pos": {"x": 13.848333338903117, "y": -1.8219673271324004, "z": 0.0}, "sec": 2564}