{"orientation": {"w": 0.009099410609094215, "x": 0.0, "y": 0.0, "z": 0.9999585995062831}, "pos": {"x": 9.530917765759215, "y": -1.2981057687604518, "z": 0.0}, "sec": 2587}