{"orientation": {"w": 0.7575165466928324, "x": 0.0, "y": 0.0, "z": 0.6528159629532398}, "pos": {"x": 14.029261085947027, "y": -3.027880415276847, "z": 0.0}, "sec": 2556}