{"orientation": {"w": 0.9949939874375543, "x": 0.0, "y": 0.0, "z": -0.09993480356270268}, "pos": {"x": 0.8826073136427999, "y": -4.797031880748018, "z": 0.0}, "sec": 2457}