{"orientation": {"w": -0.7030116827782585, "x": 0.0, "y": -0.0, "z": 0.7111782996389029}, "pos": {"x": 9.297455037185333, "y": -2.5690080338533177, "z": 0.0}, "sec": 2596}