{"orientation": {"w": 0.7577399580059545, "x": 0.0, "y": 0.0, "z": 0.6525566305242284}, "pos": {"x": 14.088456967084898, "y": -2.6322848626551543, "z": 0.0}, "sec": 2558}