{"orientation": {"w": 0.7238559963488496, "x": 0.0, "y": 0.0, "z": -0.6899510827224017}, "pos": {"x": 0.04157181888434261, "y": -1.6826534671310118, "z": 0.0}, "sec": 2437}