{"orientation": {"w": 0.7569129540453974, "x": 0.0, "y": 0.0, "z": 0.6535157075375236}, "pos": {"x": 13.882518813356834, "y": -4.017055021996038, "z": 0.0}, "sec": 2551}