{"orientation": {"w": 0.7241116085683262, "x": 0.0, "y": 0.0, "z": -0.6896828099471459}, "pos": {"x": 0.022146220883683107, "y": -1.281123096344115, "z": 0.0}, "sec": 2435}