{"orientation": {"w": -0.07678838656236746, "x": 0.0, "y": -0.0, "z": 0.9970474129594582}, "pos": {"x": 0.40741752620307314, "y": 0.17024301690508434, "z": 0.0}, "sec": 2673}