{"orientation": {"w": 0.37746187434768136, "x": 0.0, "y": 0.0, "z": 0.9260251256925673}, "pos": {"x": 14.155621304883637, "y": -2.0610419791036816, "z": 0.0}, "sec": 2562}