{"orientation": {"w": 0.9921630823369475, "x": 0.0, "y": 0.0, "z": -0.12494966205495499}, "pos": {"x": 1.1713134313102637e-18, "y": -2.527931135596766e-19, "z": 0.0}, "sec": 2427}