{"orientation": {"w": -0.4282221046797958, "x": 0.0, "y": -0.0, "z": 0.9036735190673709}, "pos": {"x": 0.007123098954946657, "y": 0.10750083134121827, "z": 0.0}, "sec": 2676}