{"orientation": {"w": -0.7028830389768891, "x": 0.0, "y": -0.0, "z": 0.7113054431948437}, "pos": {"x": 9.295109455560082, "y": -2.7689942779775065, "z": 0.0}, "sec": 2597}