{"orientation": {"w": -0.9906551248943463, "x": -0.0, "y": 0.0, "z": -0.13639070173793785}, "pos": {"x": 0.0071230989549466535, "y": 0.10750083134121827, "z": 0.0}, "sec": 2679}