{"orientation": {"w": -0.07712818959612662, "x": 0.0, "y": -0.0, "z": 0.997021184513962}, "pos": {"x": 0.8026799653737112, "y": 0.2316237779629911, "z": 0.0}, "sec": 2671}