{"orientation": {"w": 0.9949574738057425, "x": 0.0, "y": 0.0, "z": -0.10029768351310601}, "pos": {"x": 1.2726296429525255, "y": -4.8763198106853, "z": 0.0}, "sec": 2459}