{"orientation": {"w": -0.9894354699428303, "x": 0.0, "y": -0.0, "z": 0.1449739660042817}, "pos": {"x": 0.007123098954946655, "y": 0.10750083134121827, "z": 0.0}, "sec": 2678}