{"orientation": {"w": 0.7579824533817268, "x": 0.0, "y": 0.0, "z": 0.6522749423099269}, "pos": {"x": 14.147939372288699, "y": -2.236732291679225, "z": 0.0}, "sec": 2560}