{"orientation": {"w": 0.0066033015354426345, "x": 0.0, "y": 0.0, "z": 0.9999781979667517}, "pos": {"x": 12.330570467915113, "y": -1.3420198505978458, "z": 0.0}, "sec": 2573}