{"orientation": {"w": 0.3222501131257484, "x": 0.0, "y": 0.0, "z": 0.946654564553746}, "pos": {"x": 14.008377874348879, "y": -1.9452140164114737, "z": 0.0}, "sec": 2563}