{"orientation": {"w": -0.7031417165874663, "x": 0.0, "y": -0.0, "z": 0.7110497355279948}, "pos": {"x": 9.299729417698858, "y": -2.3690209674513936, "z": 0.0}, "sec": 2595}