{"orientation": {"w": 0.9767870842854048, "x": 0.0, "y": 0.0, "z": -0.21421249257038535}, "pos": {"x": 4.121099407563399, "y": -5.116208578481242, "z": 0.0}, "sec": 2475}