{"orientation": {"w": -0.8024148348070196, "x": 0.0, "y": -0.0, "z": 0.5967666486002912}, "pos": {"x": 0.007123098954946656, "y": 0.10750083134121827, "z": 0.0}, "sec": 2677}