{"orientation": {"w": 0.9766601008904682, "x": 0.0, "y": 0.0, "z": -0.21479070587113533}, "pos": {"x": 4.664058438182352, "y": -5.366806768795761, "z": 0.0}, "sec": 2478}