{"orientation": {"w": 0.006258557221650848, "x": 0.0, "y": 0.0, "z": 0.9999804150389663}, "pos": {"x": 12.728537486931115, "y": -1.3471428981915712, "z": 0.0}, "sec": 2571}