{"orientation": {"w": 0.7223605822863112, "x": 0.0, "y": 0.0, "z": -0.6915165863223972}, "pos": {"x": 0.15134354918081308, "y": -4.078137765019529, "z": 0.0}, "sec": 2449}