{"orientation": {"w": 0.7576252569382378, "x": 0.0, "y": 0.0, "z": 0.6526897961890237}, "pos": {"x": 14.058825131350698, "y": -2.8300775668433746, "z": 0.0}, "sec": 2557}