{"orientation": {"w": 0.9765078963829272, "x": 0.0, "y": 0.0, "z": -0.21548161940590244}, "pos": {"x": 5.390003040776969, "y": -5.702967926443873, "z": 0.0}, "sec": 2482}