{"orientation": {"w": 0.2522907137656323, "x": 0.0, "y": 0.0, "z": 0.9676514846511775}, "pos": {"x": 13.254449055428907, "y": -1.3659852781362931, "z": 0.0}, "sec": 2568}