{"orientation": {"w": 0.7243616429278763, "x": 0.0, "y": 0.0, "z": -0.6894201986124484}, "pos": {"x": 0.00253558914106523, "y": -0.8816041148012457, "z": 0.0}, "sec": 2433}