{"orientation": {"w": -0.6873929503062162, "x": 0.0, "y": -0.0, "z": 0.7262857095312532}, "pos": {"x": 9.310620327701875, "y": -1.3690916032185534, "z": 0.0}, "sec": 2590}