{"orientation": {"w": -0.19767916389292317, "x": 0.0, "y": -0.0, "z": 0.9802667739766532}, "pos": {"x": 8.921628098592889, "y": -3.8995956315621703, "z": 0.0}, "sec": 2605}