{"orientation": {"w": 0.724590529358446, "x": 0.0, "y": 0.0, "z": -0.689179631710084}, "pos": {"x": -0.017364656006994585, "y": -0.4820994548722393, "z": 0.0}, "sec": 2431}