{"orientation": {"w": 0.007120430909749631, "x": 0.0, "y": 0.0, "z": 0.9999746494105035}, "pos": {"x": 11.728627284883512, "y": -1.3337511049460082, "z": 0.0}, "sec": 2576}