{"orientation": {"w": 0.7567943934500212, "x": 0.0, "y": 0.0, "z": 0.6536530012496037}, "pos": {"x": 13.853389187233125, "y": -4.214922311889195, "z": 0.0}, "sec": 2550}