{"orientation": {"w": -0.7023824170219365, "x": 0.0, "y": -0.0, "z": 0.7117997894481443}, "pos": {"x": 9.28502490293062, "y": -3.568930652328924, "z": 0.0}, "sec": 2601}