{"orientation": {"w": 0.7239864726356057, "x": 0.0, "y": 0.0, "z": -0.6898141687734844}, "pos": {"x": 0.03194489104576301, "y": -1.4828852971032889, "z": 0.0}, "sec": 2436}