{"orientation": {"w": 0.9999871051209333, "x": 0.0, "y": 0.0, "z": 0.0050783453856121956}, "pos": {"x": 2.5133563009811137, "y": -5.051088074135452, "z": 0.0}, "sec": 2466}