{"orientation": {"w": 0.9766980500652488, "x": 0.0, "y": 0.0, "z": -0.21461807705489497}, "pos": {"x": 4.482498331201628, "y": -5.282926335132618, "z": 0.0}, "sec": 2477}