{"orientation": {"w": 0.725099533439452, "x": 0.0, "y": 0.0, "z": -0.6886440783204987}, "pos": {"x": 0.17527945424354444, "y": -4.633822355110604, "z": 0.0}, "sec": 2452}