{"orientation": {"w": 0.3225215327260235, "x": 0.0, "y": 0.0, "z": 0.9465621273471998}, "pos": {"x": 13.68991759473199, "y": -1.6998835385543982, "z": 0.0}, "sec": 2565}