{"orientation": {"w": -0.7032714501331894, "x": 0.0, "y": -0.0, "z": 0.7109214214155887}, "pos": {"x": 9.301929526738302, "y": -2.169033070069703, "z": 0.0}, "sec": 2594}