{"orientation": {"w": 0.9949199432062186, "x": 0.0, "y": 0.0, "z": -0.10066929328516616}, "pos": {"x": 1.6645520468130246, "y": -4.956299945445326, "z": 0.0}, "sec": 2461}