{"orientation": {"w": 0.999992829309431, "x": 0.0, "y": 0.0, "z": 0.0037869948137148135}, "pos": {"x": 3.911100903527509, "y": -5.038685371479156, "z": 0.0}, "sec": 2473}