{"orientation": {"w": 0.9765442557783973, "x": 0.0, "y": 0.0, "z": -0.21531678175705696}, "pos": {"x": 5.210377742269254, "y": -5.619668756374795, "z": 0.0}, "sec": 2481}