{"orientation": {"w": 0.004806903672871954, "x": 0.0, "y": 0.0, "z": 0.9999884467718013}, "pos": {"x": 13.130509486778047, "y": -1.351865555280453, "z": 0.0}, "sec": 2569}