{"orientation": {"w": 0.008733380369731909, "x": 0.0, "y": 0.0, "z": 0.9999618633064551}, "pos": {"x": 9.93085415149873, "y": -1.3052388091373437, "z": 0.0}, "sec": 2585}