{"orientation": {"w": 0.995009723133142, "x": 0.0, "y": 0.0, "z": -0.09977800795018972}, "pos": {"x": 0.6846355149290614, "y": -4.75689254075482, "z": 0.0}, "sec": 2456}