{"orientation": {"w": 0.9765847160161273, "x": 0.0, "y": 0.0, "z": -0.21513319698200914}, "pos": {"x": 5.027090883800934, "y": -5.534757467196448, "z": 0.0}, "sec": 2480}