{"orientation": {"w": 0.999982327665075, "x": 0.0, "y": 0.0, "z": -0.005945112071163177}, "pos": {"x": 0.0, "y": 0.0, "z": 0.0}, "sec": 2426}