{"orientation": {"w": 0.9950281558667822, "x": 0.0, "y": 0.0, "z": -0.09959402106728421}, "pos": {"x": 0.48861039545194995, "y": -4.717216956317278, "z": 0.0}, "sec": 2455}