{"orientation": {"w": -0.9978172417556979, "x": -0.0, "y": 0.0, "z": -0.06603599060399767}, "pos": {"x": 0.0071230989549466535, "y": 0.10750083134121827, "z": 0.0}, "sec": 2680}