{"orientation": {"w": -0.08399091520995738, "x": 0.0, "y": -0.0, "z": 0.9964665203418496}, "pos": {"x": 0.025767238099122538, "y": 0.11114006257237587, "z": 0.0}, "sec": 2675}