{"orientation": {"w": 0.006075904862358069, "x": 0.0, "y": 0.0, "z": 0.999981541519694}, "pos": {"x": 12.930522115014254, "y": -1.3496347896791117, "z": 0.0}, "sec": 2570}