{"orientation": {"w": 0.7227284012581935, "x": 0.0, "y": 0.0, "z": -0.6911321566927527}, "pos": {"x": 0.12486222413275963, "y": -3.478722461144793, "z": 0.0}, "sec": 2446}