{"orientation": {"w": 0.7565618857030434, "x": 0.0, "y": 0.0, "z": 0.6539221001781902}, "pos": {"x": 13.795633019257025, "y": -4.60870933328376, "z": 0.0}, "sec": 2548}