{"orientation": {"w": 0.7574041633299369, "x": 0.0, "y": 0.0, "z": 0.652946348003018}, "pos": {"x": 13.999759738080812, "y": -3.225692624274752, "z": 0.0}, "sec": 2555}