{"orientation": {"w": 0.3226891108688325, "x": 0.0, "y": 0.0, "z": 0.9465050119923731}, "pos": {"x": 13.533130479170458, "y": -1.5789629034392718, "z": 0.0}, "sec": 2566}