{"orientation": {"w": 0.999991261706386, "x": 0.0, "y": 0.0, "z": 0.004180491701979822}, "pos": {"x": 3.50931370725906, "y": -5.041891947624383, "z": 0.0}, "sec": 2471}