{"orientation": {"w": 0.7564411386569179, "x": 0.0, "y": 0.0, "z": 0.6540617736478914}, "pos": {"x": 13.766715164274736, "y": -4.806607683961795, "z": 0.0}, "sec": 2547}