{"orientation": {"w": 0.9951625634787661, "x": 0.0, "y": 0.0, "z": -0.09824190679323577}, "pos": {"x": 0.29253402607581325, "y": -4.677796589644953, "z": 0.0}, "sec": 2454}