{"orientation": {"w": -0.07763216146226455, "x": 0.0, "y": -0.0, "z": 0.9969820698020084}, "pos": {"x": 1.3954927808309234, "y": 0.3242139074456738, "z": 0.0}, "sec": 2668}