{"orientation": {"w": 0.007648962217084671, "x": 0.0, "y": 0.0, "z": 0.9999707462606102}, "pos": {"x": 11.130692667756398, "y": -1.32491024124738, "z": 0.0}, "sec": 2579}