{"orientation": {"w": -0.703613904124327, "x": 0.0, "y": -0.0, "z": 0.7105824891755512}, "pos": {"x": 9.308112379407353, "y": -1.5690649540393822, "z": 0.0}, "sec": 2591}