{"orientation": {"w": -0.0021984408284437063, "x": 0.0, "y": -0.0, "z": 0.999997583426042}, "pos": {"x": 9.344346281776584, "y": -1.2949155874978489, "z": 0.0}, "sec": 2588}