{"orientation": {"w": 0.00644027988834549, "x": 0.0, "y": 0.0, "z": 0.9999792611824306}, "pos": {"x": 12.528553625593021, "y": -1.3446022752253184, "z": 0.0}, "sec": 2572}