{"orientation": {"w": 0.3228428162766716, "x": 0.0, "y": 0.0, "z": 0.9464525957376562}, "pos": {"x": 13.374800960606118, "y": -1.4567673093289304, "z": 0.0}, "sec": 2567}