{"orientation": {"w": 0.7571455166432276, "x": 0.0, "y": 0.0, "z": 0.6532462526697417}, "pos": {"x": 13.941284613485946, "y": -3.619373524754396, "z": 0.0}, "sec": 2553}