{"orientation": {"w": 0.757267898571813, "x": 0.0, "y": 0.0, "z": 0.653104378941552}, "pos": {"x": 13.970336039240523, "y": -3.4235163976643603, "z": 0.0}, "sec": 2554}