{"orientation": {"w": 0.7222291879219715, "x": 0.0, "y": 0.0, "z": -0.6916538152237501}, "pos": {"x": 0.16002738489194282, "y": -4.277949152272556, "z": 0.0}, "sec": 2450}