{"orientation": {"w": 0.7213572571599072, "x": 0.0, "y": 0.0, "z": 0.6925631433614813}, "pos": {"x": 14.17028937113479, "y": -2.0797435291741775, "z": 0.0}, "sec": 2561}