{"orientation": {"w": 0.7570272632781004, "x": 0.0, "y": 0.0, "z": 0.6533832892366238}, "pos": {"x": 13.91171858499083, "y": -3.8191980713926723, "z": 0.0}, "sec": 2552}