{"orientation": {"w": 0.7566768998334875, "x": 0.0, "y": 0.0, "z": 0.6537890097412026}, "pos": {"x": 13.82433055055275, "y": -4.412800039800538, "z": 0.0}, "sec": 2549}