{"orientation": {"w": 0.008377876886615546, "x": 0.0, "y": 0.0, "z": 0.9999649049736059}, "pos": {"x": 10.330795506355516, "y": -1.3120876078741621, "z": 0.0}, "sec": 2583}