{"orientation": {"w": 0.9766241417605502, "x": 0.0, "y": 0.0, "z": -0.2149541479722329}, "pos": {"x": 4.845588831503692, "y": -5.450751487549299, "z": 0.0}, "sec": 2479}