{"orientation": {"w": 0.7236129004972829, "x": 0.0, "y": 0.0, "z": -0.6902060346258277}, "pos": {"x": 0.06051734089171019, "y": -2.0802022828040485, "z": 0.0}, "sec": 2439}