{"orientation": {"w": -0.7033889559692281, "x": 0.0, "y": -0.0, "z": 0.7108051608004259}, "pos": {"x": 9.304059359061643, "y": -1.9690444118817134, "z": 0.0}, "sec": 2593}