{"orientation": {"w": -0.07747585450745896, "x": 0.0, "y": -0.0, "z": 0.9969942286534758}, "pos": {"x": 1.19789956494424, "y": 0.29327977405468303, "z": 0.0}, "sec": 2669}