{"orientation": {"w": -0.07730054804255033, "x": 0.0, "y": -0.0, "z": 0.9970078361137997}, "pos": {"x": 0.9963428250855136, "y": 0.26180152455548245, "z": 0.0}, "sec": 2670}