{"orientation": {"w": -0.07303688834017444, "x": 0.0, "y": -0.0, "z": 0.9973292399912803}, "pos": {"x": 1.5931123633248987, "y": 0.3549736646987292, "z": 0.0}, "sec": 2667}