{"orientation": {"w": 0.7578582761833035, "x": 0.0, "y": 0.0, "z": 0.6524192158577732}, "pos": {"x": 14.118162028410444, "y": -2.4345031423303385, "z": 0.0}, "sec": 2559}