{"orientation": {"w": 0.722479882374244, "x": 0.0, "y": 0.0, "z": -0.6913919435200981}, "pos": {"x": 0.14258573501143101, "y": -3.878329606335908, "z": 0.0}, "sec": 2448}