{"orientation": {"w": 0.6936062394421014, "x": 0.0, "y": 0.0, "z": -0.7203543465593765}, "pos": {"x": -0.17098323884055153, "y": -1.6191851747003545, "z": 0.0}, "sec": 2446}