{"orientation": {"w": 0.6148163800064047, "x": 0.0, "y": 0.0, "z": -0.7886702852750446}, "pos": {"x": -0.0230240256271571, "y": -0.09112138768516563, "z": 0.0}, "sec": 2438}