{"orientation": {"w": 0.9991911034523028, "x": 0.0, "y": 0.0, "z": -0.040213664117680854}, "pos": {"x": 2.2004393761544487, "y": -4.914018515863887, "z": 0.0}, "sec": 2480}