{"orientation": {"w": 0.9991341514037122, "x": 0.0, "y": 0.0, "z": -0.04160465717661713}, "pos": {"x": 3.7950847458974444, "y": -5.044802624570784, "z": 0.0}, "sec": 2488}