{"orientation": {"w": -0.6604978293928078, "x": 0.0, "y": -0.0, "z": 0.7508279545724104}, "pos": {"x": 9.099417994240074, "y": -2.6511905144712875, "z": 0.0}, "sec": 2622}