{"orientation": {"w": 0.6940009388209882, "x": 0.0, "y": 0.0, "z": -0.7199740946142347}, "pos": {"x": -0.1485453028601004, "y": -1.0176035081167853, "z": 0.0}, "sec": 2443}