{"orientation": {"w": 0.9991985843403024, "x": 0.0, "y": 0.0, "z": -0.040027353801315294}, "pos": {"x": 2.001083211516394, "y": -4.89798358024179, "z": 0.0}, "sec": 2479}