{"orientation": {"w": 0.5742768727331576, "x": 0.0, "y": 0.0, "z": 0.8186611469001229}, "pos": {"x": 7.095404416983319, "y": -1.0254324262103667, "z": 0.0}, "sec": 2649}