{"orientation": {"w": 0.947595377945986, "x": 0.0, "y": 0.0, "z": -0.31947300307757437}, "pos": {"x": 5.253224152530224, "y": -5.725164421835563, "z": 0.0}, "sec": 2497}