{"orientation": {"w": 0.9991190976400565, "x": 0.0, "y": 0.0, "z": -0.04196461284128996}, "pos": {"x": 4.193688206824901, "y": -5.078198340986955, "z": 0.0}, "sec": 2490}