{"orientation": {"w": 0.5738358576819796, "x": 0.0, "y": 0.0, "z": 0.818970334284696}, "pos": {"x": 7.2999567395788025, "y": -1.589487666429116, "z": 0.0}, "sec": 2646}