{"orientation": {"w": 0.9991418770134701, "x": 0.0, "y": 0.0, "z": -0.04141871072353369}, "pos": {"x": 3.5957742182569423, "y": -5.028210063082279, "z": 0.0}, "sec": 2487}