{"orientation": {"w": -0.35073313741241313, "x": 0.0, "y": -0.0, "z": 0.9364754488617656}, "pos": {"x": 9.37617039805464, "y": -0.9171183363678286, "z": 0.0}, "sec": 2611}