{"orientation": {"w": 0.9991770488890714, "x": 0.0, "y": 0.0, "z": -0.04056137292210697}, "pos": {"x": 2.5991347994787617, "y": -4.94629781437539, "z": 0.0}, "sec": 2482}