{"orientation": {"w": 0.6929589702856821, "x": 0.0, "y": 0.0, "z": -0.7209770214789145}, "pos": {"x": -0.20962273608454549, "y": -2.6164367585504573, "z": 0.0}, "sec": 2451}