{"orientation": {"w": 0.692552097262936, "x": 0.0, "y": 0.0, "z": -0.7213678621734606}, "pos": {"x": -0.23372319738172445, "y": -3.215952505181177, "z": 0.0}, "sec": 2454}