{"orientation": {"w": 0.5171881152812644, "x": 0.0, "y": 0.0, "z": 0.8558717505630231}, "pos": {"x": 8.125706497581366, "y": -3.838558459119221, "z": 0.0}, "sec": 2634}