{"orientation": {"w": 0.9991269637687121, "x": 0.0, "y": 0.0, "z": -0.04177691073206117}, "pos": {"x": 3.996382558368429, "y": -5.061630884494034, "z": 0.0}, "sec": 2489}