{"orientation": {"w": 0.9992325769010707, "x": 0.0, "y": 0.0, "z": -0.0391695961128756}, "pos": {"x": 1.0042184170335595, "y": -4.818861419006575, "z": 0.0}, "sec": 2474}