{"orientation": {"w": 0.9513268955573578, "x": 0.0, "y": 0.0, "z": -0.3081836105136028}, "pos": {"x": -0.28911398866702415, "y": -4.577175051808659, "z": 0.0}, "sec": 2462}