{"orientation": {"w": 0.6929681381841014, "x": 0.0, "y": 0.0, "z": -0.720968209744133}, "pos": {"x": -1.4324783130584465e-18, "y": -3.305498602866356e-19, "z": 0.0}, "sec": 2437}