{"orientation": {"w": 0.9548437652719131, "x": 0.0, "y": 0.0, "z": -0.29710837066860935}, "pos": {"x": 4.456478121575657, "y": -5.120868217559309, "z": 0.0}, "sec": 2492}