{"orientation": {"w": 0.9650279688459568, "x": 0.0, "y": 0.0, "z": -0.262146942276745}, "pos": {"x": -0.23052450704933794, "y": -4.606239993800951, "z": 0.0}, "sec": 2467}