{"orientation": {"w": -0.5480928718593828, "x": 0.0, "y": -0.0, "z": 0.8364174817738652}, "pos": {"x": 6.259639980996967, "y": -0.5308873980108102, "z": 0.0}, "sec": 2656}