{"orientation": {"w": 0.08741006372002805, "x": 0.0, "y": 0.0, "z": 0.9961724151774434}, "pos": {"x": 9.547652543421565, "y": -0.9465056409955279, "z": 0.0}, "sec": 2609}