{"orientation": {"w": 0.6924183277146231, "x": 0.0, "y": 0.0, "z": -0.7214962643318986}, "pos": {"x": -0.24191011512992788, "y": -3.4157848696384328, "z": 0.0}, "sec": 2455}