{"orientation": {"w": 0.9663568742762282, "x": 0.0, "y": 0.0, "z": -0.25720496017588396}, "pos": {"x": 7.795870610926963, "y": -6.52526126837801, "z": 0.0}, "sec": 2514}