{"orientation": {"w": 0.5735368979228516, "x": 0.0, "y": 0.0, "z": 0.8191797279724594}, "pos": {"x": 7.435295789448464, "y": -1.9616426540579421, "z": 0.0}, "sec": 2644}