{"orientation": {"w": 0.5732559595575927, "x": 0.0, "y": 0.0, "z": 0.8193763511547693}, "pos": {"x": 7.573631287853204, "y": -2.3412204245869646, "z": 0.0}, "sec": 2642}