{"orientation": {"w": 0.6938760026402585, "x": 0.0, "y": 0.0, "z": -0.7200945027980535}, "pos": {"x": -0.15592564855564695, "y": -1.2174672869305332, "z": 0.0}, "sec": 2444}