{"orientation": {"w": -0.6599802769825156, "x": 0.0, "y": -0.0, "z": 0.7512829253976706}, "pos": {"x": 8.996887937313861, "y": -3.444592991211803, "z": 0.0}, "sec": 2626}