{"orientation": {"w": 0.9894437905233706, "x": 0.0, "y": 0.0, "z": -0.1449171673568884}, "pos": {"x": 6.523218589436108, "y": -6.144809743684201, "z": 0.0}, "sec": 2507}