{"orientation": {"w": 0.6922897769274867, "x": 0.0, "y": 0.0, "z": -0.7216196122346528}, "pos": {"x": -0.2501679660300621, "y": -3.615614315698829, "z": 0.0}, "sec": 2456}