{"orientation": {"w": 0.6937306714533628, "x": 0.0, "y": 0.0, "z": -0.7202345142277385}, "pos": {"x": -0.16337912856823053, "y": -1.4173283515418438, "z": 0.0}, "sec": 2445}