{"orientation": {"w": 0.9999756266317974, "x": 0.0, "y": 0.0, "z": -0.006981843763951853}, "pos": {"x": 0.0, "y": 0.0, "z": 0.0}, "sec": 2432}