{"orientation": {"w": 0.9931526408131565, "x": 0.0, "y": 0.0, "z": 0.11682393609981401}, "pos": {"x": 6.039653271762767, "y": -6.32087714372269, "z": 0.0}, "sec": 2503}