{"orientation": {"w": 0.08687449648413832, "x": 0.0, "y": 0.0, "z": 0.9962192639477654}, "pos": {"x": 10.138540462308862, "y": -1.0506758544884736, "z": 0.0}, "sec": 2606}