{"orientation": {"w": -0.6607857870603557, "x": 0.0, "y": -0.0, "z": 0.7505745423467454}, "pos": {"x": 9.150259633488467, "y": -2.254434770460987, "z": 0.0}, "sec": 2620}