{"orientation": {"w": -0.6601159148828978, "x": 0.0, "y": -0.0, "z": 0.751163749736577}, "pos": {"x": 9.0226237210975, "y": -3.2462557306486817, "z": 0.0}, "sec": 2625}