{"orientation": {"w": -0.677511969899298, "x": 0.0, "y": -0.0, "z": 0.7355117474542285}, "pos": {"x": 9.37617039805464, "y": -0.9171183363678286, "z": 0.0}, "sec": 2612}