{"orientation": {"w": 0.6150391009169758, "x": 0.0, "y": 0.0, "z": -0.7884966102293897}, "pos": {"x": -0.07163229198592216, "y": -0.28512454834515727, "z": 0.0}, "sec": 2439}