{"orientation": {"w": 0.5726672079247854, "x": 0.0, "y": 0.0, "z": 0.8197879414626874}, "pos": {"x": 7.848361577085061, "y": -3.0925679842587317, "z": 0.0}, "sec": 2638}