{"orientation": {"w": 0.9992119912024109, "x": 0.0, "y": 0.0, "z": -0.039691266511830664}, "pos": {"x": 1.602354231797356, "y": -4.8661214531541495, "z": 0.0}, "sec": 2477}