{"orientation": {"w": 0.9999742672455759, "x": 0.0, "y": 0.0, "z": -0.00717390038078964}, "pos": {"x": 0.0, "y": 0.0, "z": 0.0}, "sec": 2433}