{"orientation": {"w": 0.9991488260560438, "x": 0.0, "y": 0.0, "z": -0.04125073806405774}, "pos": {"x": 3.3984508780614306, "y": -5.011854665711155, "z": 0.0}, "sec": 2486}