{"orientation": {"w": -0.13342245618541115, "x": 0.0, "y": -0.0, "z": 0.9910592556378514}, "pos": {"x": 8.214052028867062, "y": -3.835503185016993, "z": 0.0}, "sec": 2632}