{"orientation": {"w": 0.08705858233122916, "x": 0.0, "y": 0.0, "z": 0.9962031937523974}, "pos": {"x": 9.939595656080806, "y": -1.0156763749981854, "z": 0.0}, "sec": 2607}