{"orientation": {"w": 0.9896009644564067, "x": 0.0, "y": 0.0, "z": -0.1438399497599666}, "pos": {"x": 7.09652811458312, "y": -6.314868666573689, "z": 0.0}, "sec": 2510}