{"orientation": {"w": 0.9473672822457483, "x": 0.0, "y": 0.0, "z": -0.32014876624829386}, "pos": {"x": 5.891177423878619, "y": -6.211188609042622, "z": 0.0}, "sec": 2501}