{"orientation": {"w": 0.572366626813298, "x": 0.0, "y": 0.0, "z": 0.8199978320156505}, "pos": {"x": 7.986146353798474, "y": -3.46808808755653, "z": 0.0}, "sec": 2636}