{"orientation": {"w": -0.13390202289449396, "x": 0.0, "y": -0.0, "z": 0.9909945752953254}, "pos": {"x": 8.792604860591203, "y": -3.676517075097243, "z": 0.0}, "sec": 2629}