{"orientation": {"w": 0.9896257294825316, "x": 0.0, "y": 0.0, "z": -0.14366946629735625}, "pos": {"x": 6.904793504083663, "y": -6.257966656455165, "z": 0.0}, "sec": 2509}