{"orientation": {"w": 0.9999793498839945, "x": 0.0, "y": 0.0, "z": -0.00642649247907348}, "pos": {"x": 0.0, "y": 0.0, "z": 0.0}, "sec": 2429}