{"orientation": {"w": 0.9561585461068406, "x": 0.0, "y": 0.0, "z": 0.29284950863344944}, "pos": {"x": -0.28911398866702415, "y": -4.577175051808659, "z": 0.0}, "sec": 2464}