{"orientation": {"w": 0.9992059303998261, "x": 0.0, "y": 0.0, "z": -0.039843552223889564}, "pos": {"x": 1.8017212488708405, "y": -4.882020893794572, "z": 0.0}, "sec": 2478}