{"orientation": {"w": -0.13375877258156021, "x": 0.0, "y": -0.0, "z": 0.9910139205669487}, "pos": {"x": 8.59977383075905, "y": -3.729584889705275, "z": 0.0}, "sec": 2630}