{"orientation": {"w": 0.9887308540864497, "x": 0.0, "y": 0.0, "z": -0.1497040352745368}, "pos": {"x": 0.05538280764852373, "y": -4.719300542722907, "z": 0.0}, "sec": 2469}