{"orientation": {"w": 0.6927046212670868, "x": 0.0, "y": 0.0, "z": -0.7212213999010442}, "pos": {"x": -0.22561452566000945, "y": -3.0161169506657086, "z": 0.0}, "sec": 2453}