{"orientation": {"w": 0.9895255152834316, "x": 0.0, "y": 0.0, "z": -0.14435807772015782}, "pos": {"x": 7.671610371084462, "y": -6.485983729146379, "z": 0.0}, "sec": 2513}