{"orientation": {"w": 0.9478395162187878, "x": 0.0, "y": 0.0, "z": -0.31874794351357677}, "pos": {"x": 4.6161500996236695, "y": -5.241287855171456, "z": 0.0}, "sec": 2493}