{"orientation": {"w": -0.5479149301632433, "x": 0.0, "y": -0.0, "z": 0.8365340574681991}, "pos": {"x": 6.259163226595871, "y": -0.5319886257946177, "z": 0.0}, "sec": 2663}