{"orientation": {"w": -0.6268416800909664, "x": 0.0, "y": -0.0, "z": 0.7791466537826718}, "pos": {"x": 9.33776317784534, "y": -1.0903045566919292, "z": 0.0}, "sec": 2614}