{"orientation": {"w": -0.5489040506130319, "x": 0.0, "y": -0.0, "z": 0.8358853648800211}, "pos": {"x": 6.259163226595871, "y": -0.5319886257946177, "z": 0.0}, "sec": 2657}