{"orientation": {"w": 0.9999805011771923, "x": 0.0, "y": 0.0, "z": -0.0062447790522452045}, "pos": {"x": 0.0, "y": 0.0, "z": 0.0}, "sec": 2428}