{"orientation": {"w": 0.999226801473548, "x": 0.0, "y": 0.0, "z": -0.039316653175754626}, "pos": {"x": 1.2055966055678935, "y": -4.834698868951255, "z": 0.0}, "sec": 2475}