{"orientation": {"w": 0.5721597884243405, "x": 0.0, "y": 0.0, "z": 0.8201421684745969}, "pos": {"x": 8.054456215441718, "y": -3.6539314679098713, "z": 0.0}, "sec": 2635}