{"orientation": {"w": 0.6917814947881735, "x": 0.0, "y": 0.0, "z": -0.7221068919963582}, "pos": {"x": -0.2839117135636356, "y": -4.414902279974832, "z": 0.0}, "sec": 2460}