{"orientation": {"w": 0.57369853014378, "x": 0.0, "y": 0.0, "z": 0.8190665397334128}, "pos": {"x": 7.3675937243177625, "y": -1.7755769940542234, "z": 0.0}, "sec": 2645}