{"orientation": {"w": -0.1336006629052881, "x": 0.0, "y": -0.0, "z": 0.991035248046843}, "pos": {"x": 8.404993494783975, "y": -3.7831070382842342, "z": 0.0}, "sec": 2631}