{"orientation": {"w": 0.9578437067211515, "x": 0.0, "y": 0.0, "z": -0.2872898075022583}, "pos": {"x": 6.026664678893078, "y": -6.313515141871774, "z": 0.0}, "sec": 2502}