{"orientation": {"w": -0.6269563879176543, "x": 0.0, "y": -0.0, "z": 0.7790543547463475}, "pos": {"x": 9.252930290873461, "y": -1.4762921398918882, "z": 0.0}, "sec": 2616}