{"orientation": {"w": 0.5739797910030341, "x": 0.0, "y": 0.0, "z": 0.8188694642738324}, "pos": {"x": 7.231706969937361, "y": -1.4014930693495407, "z": 0.0}, "sec": 2647}