{"orientation": {"w": 0.06978628094174587, "x": 0.0, "y": 0.0, "z": 0.997561965490024}, "pos": {"x": 8.13688884400361, "y": -3.855801850117426, "z": 0.0}, "sec": 2633}