{"orientation": {"w": 0.6949036107889722, "x": 0.0, "y": 0.0, "z": -0.7191028936893862}, "pos": {"x": -0.13405123334058255, "y": -0.6178662537438251, "z": 0.0}, "sec": 2441}