{"orientation": {"w": 0.94754151544767, "x": 0.0, "y": 0.0, "z": -0.31963272126478715}, "pos": {"x": 5.4123790979135356, "y": -5.8462829707546, "z": 0.0}, "sec": 2498}