{"orientation": {"w": 0.9999729093026526, "x": 0.0, "y": 0.0, "z": -0.007360751373938236}, "pos": {"x": 0.0, "y": 0.0, "z": 0.0}, "sec": 2434}