{"orientation": {"w": 0.9991553986347225, "x": 0.0, "y": 0.0, "z": -0.04109123238707839}, "pos": {"x": 3.1971355901222003, "y": -4.995236768487403, "z": 0.0}, "sec": 2485}