{"orientation": {"w": -0.5486353070733553, "x": 0.0, "y": -0.0, "z": 0.8360617799137365}, "pos": {"x": 6.259163226595871, "y": -0.5319886257946177, "z": 0.0}, "sec": 2659}