{"orientation": {"w": -0.6603587619459459, "x": 0.0, "y": -0.0, "z": 0.7509502683408653}, "pos": {"x": 9.073882067629107, "y": -2.8495536058071997, "z": 0.0}, "sec": 2623}