{"orientation": {"w": 0.5744254830137968, "x": 0.0, "y": 0.0, "z": 0.8185568791870033}, "pos": {"x": 7.027355546561011, "y": -0.8373650159486227, "z": 0.0}, "sec": 2650}