{"orientation": {"w": 0.9477833461362154, "x": 0.0, "y": 0.0, "z": -0.31891492405787303}, "pos": {"x": 4.775484046459832, "y": -5.36217082758144, "z": 0.0}, "sec": 2494}