{"orientation": {"w": 0.9999393878108571, "x": 0.0, "y": 0.0, "z": -0.01101002744993306}, "pos": {"x": -4.0655009220008266e-20, "y": 4.8236890566183615e-22, "z": 0.0}, "sec": 2435}