{"orientation": {"w": 0.9896513266448628, "x": 0.0, "y": 0.0, "z": -0.1434930370089888}, "pos": {"x": 6.713038910251238, "y": -6.201132024965125, "z": 0.0}, "sec": 2508}