{"orientation": {"w": -0.6292693446166516, "x": 0.0, "y": -0.0, "z": 0.7771872952678329}, "pos": {"x": 9.375017778185926, "y": -0.9232093218655024, "z": 0.0}, "sec": 2613}