{"orientation": {"w": 0.9991701248816264, "x": 0.0, "y": 0.0, "z": -0.0407315791988859}, "pos": {"x": 2.798474022742526, "y": -4.962542003569609, "z": 0.0}, "sec": 2483}