{"orientation": {"w": 0.989548431133432, "x": 0.0, "y": 0.0, "z": -0.1442009099879859}, "pos": {"x": 7.481853479966791, "y": -6.429447705917841, "z": 0.0}, "sec": 2512}