{"orientation": {"w": 0.08669300343411859, "x": 0.0, "y": 0.0, "z": 0.9962350742448149}, "pos": {"x": 10.335527949761408, "y": -1.0852580660709894, "z": 0.0}, "sec": 2605}