{"orientation": {"w": 0.9870668051609409, "x": 0.0, "y": 0.0, "z": -0.16030945745455255}, "pos": {"x": -0.11972705740245082, "y": -4.664788031866389, "z": 0.0}, "sec": 2468}