{"orientation": {"w": -0.6609074250762322, "x": 0.0, "y": -0.0, "z": 0.7504674379872217}, "pos": {"x": 9.17557105620436, "y": -2.0560429069329045, "z": 0.0}, "sec": 2619}