{"orientation": {"w": 0.9857624776768016, "x": 0.0, "y": 0.0, "z": 0.16814380037483798}, "pos": {"x": -0.28911398866702415, "y": -4.577175051808659, "z": 0.0}, "sec": 2463}