{"orientation": {"w": -0.6606440580057938, "x": 0.0, "y": -0.0, "z": 0.7506992930738895}, "pos": {"x": 9.124875316414707, "y": -2.4528173200842898, "z": 0.0}, "sec": 2621}