{"orientation": {"w": 0.9915656299858688, "x": 0.0, "y": 0.0, "z": 0.12960556095602976}, "pos": {"x": 6.411030965791879, "y": -6.12151137250823, "z": 0.0}, "sec": 2506}