{"orientation": {"w": 0.6928225658633621, "x": 0.0, "y": 0.0, "z": -0.721108100239144}, "pos": {"x": -0.21758353329962482, "y": -2.8162782588487687, "z": 0.0}, "sec": 2452}