{"orientation": {"w": -0.5483902095982407, "x": 0.0, "y": -0.0, "z": 0.8362225648813824}, "pos": {"x": 6.259163226595871, "y": -0.5319886257946177, "z": 0.0}, "sec": 2661}