{"orientation": {"w": -0.6266326108779576, "x": 0.0, "y": -0.0, "z": 0.7793148086519812}, "pos": {"x": 9.295294571813658, "y": -1.2836964308803323, "z": 0.0}, "sec": 2615}