{"orientation": {"w": -0.6336092639632701, "x": 0.0, "y": -0.0, "z": 0.7736532172879029}, "pos": {"x": 8.973927919817486, "y": -3.615244084212329, "z": 0.0}, "sec": 2627}