{"orientation": {"w": 0.9992472300755282, "x": 0.0, "y": 0.0, "z": -0.03879398389421403}, "pos": {"x": 0.6054337171358499, "y": -4.787704465015551, "z": 0.0}, "sec": 2472}