{"orientation": {"w": -0.6612055819114185, "x": 0.0, "y": -0.0, "z": 0.750204757682316}, "pos": {"x": 9.226002199120565, "y": -1.6592347726632406, "z": 0.0}, "sec": 2617}