{"orientation": {"w": 0.9991843633519781, "x": 0.0, "y": 0.0, "z": -0.040380787918293644}, "pos": {"x": 2.4017833173884617, "y": -4.930285566515969, "z": 0.0}, "sec": 2481}