{"orientation": {"w": 0.5741332324535202, "x": 0.0, "y": 0.0, "z": 0.8187618893136588}, "pos": {"x": 7.1635220887159505, "y": -1.2134749277788595, "z": 0.0}, "sec": 2648}