{"orientation": {"w": 0.7316573666159409, "x": 0.0, "y": 0.0, "z": -0.6816725738040416}, "pos": {"x": -0.28919059042294776, "y": -4.576178007144884, "z": 0.0}, "sec": 2461}