{"orientation": {"w": 0.1824895872487843, "x": 0.0, "y": 0.0, "z": 0.9832077860481824}, "pos": {"x": 6.7189102614588645, "y": -0.35009496471837126, "z": 0.0}, "sec": 2653}