{"orientation": {"w": 0.5729763334843169, "x": 0.0, "y": 0.0, "z": 0.8195719134199688}, "pos": {"x": 7.710174159040138, "y": -2.7150653632284207, "z": 0.0}, "sec": 2640}