{"orientation": {"w": 0.9992534606582848, "x": 0.0, "y": 0.0, "z": -0.03863316402317639}, "pos": {"x": 0.4060329664489213, "y": -4.772233841932477, "z": 0.0}, "sec": 2471}