{"orientation": {"w": 0.989575295681088, "x": 0.0, "y": 0.0, "z": -0.14401643717884113}, "pos": {"x": 7.288242135814933, "y": -6.371840007188513, "z": 0.0}, "sec": 2511}