{"orientation": {"w": 0.9495948495824934, "x": 0.0, "y": 0.0, "z": 0.3134798584381485}, "pos": {"x": 6.152311569725755, "y": -6.245481064346134, "z": 0.0}, "sec": 2504}