{"orientation": {"w": -0.6610334201517161, "x": 0.0, "y": -0.0, "z": 0.7503564602524088}, "pos": {"x": 9.200814382412693, "y": -1.8576423673810183, "z": 0.0}, "sec": 2618}