{"orientation": {"w": 0.9991631748098061, "x": 0.0, "y": 0.0, "z": -0.04090171272683869}, "pos": {"x": 2.9978077678094324, "y": -4.978853278184926, "z": 0.0}, "sec": 2484}