{"orientation": {"w": 0.6920231717819252, "x": 0.0, "y": 0.0, "z": -0.7218752868168324}, "pos": {"x": -0.26689644600545037, "y": -4.015264350858262, "z": 0.0}, "sec": 2458}