{"orientation": {"w": 0.6921605877907632, "x": 0.0, "y": 0.0, "z": -0.7217435283458697}, "pos": {"x": -0.2584950019453678, "y": -3.8154408906885164, "z": 0.0}, "sec": 2457}