{"orientation": {"w": 0.978371558483967, "x": 0.0, "y": 0.0, "z": 0.20685524781753464}, "pos": {"x": 6.277910244379281, "y": -6.1794183278883335, "z": 0.0}, "sec": 2505}