{"orientation": {"w": -0.5487531097280087, "x": 0.0, "y": -0.0, "z": 0.8359844643077047}, "pos": {"x": 6.259163226595871, "y": -0.5319886257946177, "z": 0.0}, "sec": 2658}