{"orientation": {"w": 0.9474216145285302, "x": 0.0, "y": 0.0, "z": -0.3199879440293854}, "pos": {"x": 5.73215469348282, "y": -6.089896520061737, "z": 0.0}, "sec": 2500}