{"orientation": {"w": 0.5725066768316956, "x": 0.0, "y": 0.0, "z": 0.8199000579236035}, "pos": {"x": 7.917219208052767, "y": -3.28034078878779, "z": 0.0}, "sec": 2637}