{"orientation": {"w": 0.947487117571726, "x": 0.0, "y": 0.0, "z": -0.3197939368337402}, "pos": {"x": 5.571493302629108, "y": -5.967455036047988, "z": 0.0}, "sec": 2499}