{"orientation": {"w": 0.69308630499424, "x": 0.0, "y": 0.0, "z": -0.7208546135174771}, "pos": {"x": -0.20173685159877977, "y": -2.416592288006805, "z": 0.0}, "sec": 2450}