{"orientation": {"w": 0.9990983789045386, "x": 0.0, "y": 0.0, "z": -0.042455026443556095}, "pos": {"x": 4.391187064347686, "y": -5.0948548909815825, "z": 0.0}, "sec": 2491}