{"orientation": {"w": 0.6941229181981537, "x": 0.0, "y": 0.0, "z": -0.7198564957212508}, "pos": {"x": -0.14123452179263202, "y": -0.8177371725015073, "z": 0.0}, "sec": 2442}