{"orientation": {"w": 0.6932178925274074, "x": 0.0, "y": 0.0, "z": -0.720728071799524}, "pos": {"x": -0.19392211191686803, "y": -2.2167450227269736, "z": 0.0}, "sec": 2449}