{"orientation": {"w": 0.9642634540383712, "x": 0.0, "y": 0.0, "z": 0.2649452607728434}, "pos": {"x": -0.28911398866702415, "y": -4.577175051808659, "z": 0.0}, "sec": 2465}