{"orientation": {"w": 0.5734048323638807, "x": 0.0, "y": 0.0, "z": 0.8192721759108812}, "pos": {"x": 7.505116763784472, "y": -2.153322155407314, "z": 0.0}, "sec": 2643}