{"orientation": {"w": 0.9992400880234661, "x": 0.0, "y": 0.0, "z": -0.03897751257912298}, "pos": {"x": 0.8048289579567177, "y": -4.803245942738818, "z": 0.0}, "sec": 2473}