{"orientation": {"w": 0.9992194628309826, "x": 0.0, "y": 0.0, "z": -0.03950272268796856}, "pos": {"x": 1.4029813993944094, "y": -4.850295107357248, "z": 0.0}, "sec": 2476}