{"orientation": {"w": 0.9456231741830986, "x": 0.0, "y": 0.0, "z": -0.32526421943995193}, "pos": {"x": -1.2061422529617038e-18, "y": -1.8762612133475389e-19, "z": 0.0}, "sec": 2436}