{"orientation": {"w": 0.617098988168031, "x": 0.0, "y": 0.0, "z": -0.7868855309395341}, "pos": {"x": -0.11905180558571228, "y": -0.4740647801587884, "z": 0.0}, "sec": 2440}