{"orientation": {"w": 0.5731188701918346, "x": 0.0, "y": 0.0, "z": 0.8194722451859093}, "pos": {"x": 7.641527532620408, "y": -2.5272153158315023, "z": 0.0}, "sec": 2641}