{"orientation": {"w": 0.5728167993128017, "x": 0.0, "y": 0.0, "z": 0.8196834232952606}, "pos": {"x": 7.779573537732759, "y": -2.9047696744357796, "z": 0.0}, "sec": 2639}