{"orientation": {"w": 0.9977801759614422, "x": 0.0, "y": 0.0, "z": 0.06659369683651335}, "pos": {"x": -0.28911398866702415, "y": -4.577175051808659, "z": 0.0}, "sec": 2466}