{"orientation": {"w": 0.43987322590147876, "x": 0.0, "y": 0.0, "z": 0.8980598783683784}, "pos": {"x": 6.87751646597119, "y": -0.4679160635057665, "z": 0.0}, "sec": 2652}