{"orientation": {"w": -0.6602460346987685, "x": 0.0, "y": -0.0, "z": 0.7510493816418149}, "pos": {"x": 9.048286588032243, "y": -3.0479090219335356, "z": 0.0}, "sec": 2624}