{"orientation": {"w": 0.947659113086381, "x": 0.0, "y": 0.0, "z": -0.31928389465228885}, "pos": {"x": 5.094024562669982, "y": -5.60410456057345, "z": 0.0}, "sec": 2496}