{"orientation": {"w": 0.6934771127103344, "x": 0.0, "y": 0.0, "z": -0.7204786562743813}, "pos": {"x": -0.17858273107696984, "y": -1.8190407407852955, "z": 0.0}, "sec": 2447}