{"orientation": {"w": 0.08722566297825864, "x": 0.0, "y": 0.0, "z": 0.9961885783916634}, "pos": {"x": 9.744603014888986, "y": -0.9812980451051098, "z": 0.0}, "sec": 2608}