{"orientation": {"w": 0.5745737511989781, "x": 0.0, "y": 0.0, "z": 0.8184528113661378}, "pos": {"x": 6.9593742327036825, "y": -0.6492731752826161, "z": 0.0}, "sec": 2651}