{"orientation": {"w": -0.07248173059839025, "x": 0.0, "y": -0.0, "z": 0.9973697402315063}, "pos": {"x": 6.522247392806581, "y": -0.3279591203499226, "z": 0.0}, "sec": 2654}