{"orientation": {"w": 0.999978138304012, "x": 0.0, "y": 0.0, "z": -0.006612330454705446}, "pos": {"x": 0.0, "y": 0.0, "z": 0.0}, "sec": 2430}