{"orientation": {"w": -0.2540248653017329, "x": 0.0, "y": -0.0, "z": 0.9671976880702499}, "pos": {"x": 8.966775745422575, "y": -3.6220142392861647, "z": 0.0}, "sec": 2628}