{"orientation": {"w": 0.6919048459844765, "x": 0.0, "y": 0.0, "z": -0.7219887008140763}, "pos": {"x": -0.2753697733000769, "y": -4.2150847761039465, "z": 0.0}, "sec": 2459}