{"orientation": {"w": 0.6933466009970664, "x": 0.0, "y": 0.0, "z": -0.720604254002025}, "pos": {"x": -0.1861761356955221, "y": -2.016895080469187, "z": 0.0}, "sec": 2448}