{"orientation": {"w": 0.9999769334102466, "x": 0.0, "y": 0.0, "z": -0.006792101842514059}, "pos": {"x": 0.0, "y": 0.0, "z": 0.0}, "sec": 2431}