{"orientation": {"w": 0.05264120535697367, "x": 0.0, "y": 0.0, "z": 0.9986134905450481}, "pos": {"x": 9.378161541090465, "y": -0.9173053483889547, "z": 0.0}, "sec": 2610}