{"orientation": {"w": -0.5481999168366114, "x": 0.0, "y": -0.0, "z": 0.8363473268806043}, "pos": {"x": 6.259163226595871, "y": -0.5319886257946177, "z": 0.0}, "sec": 2662}