{"orientation": {"w": 0.9987833726574947, "x": 0.0, "y": 0.0, "z": -0.049313025692203694}, "pos": {"x": 0.2066392648735595, "y": -4.756701689844049, "z": 0.0}, "sec": 2470}