{"orientation": {"w": 0.9477195009786854, "x": 0.0, "y": 0.0, "z": -0.319104602700606}, "pos": {"x": 4.9347782299586935, "y": -5.483106192622822, "z": 0.0}, "sec": 2495}