{"orientation": {"w": -0.36491093827720267, "x": 0.0, "y": -0.0, "z": 0.9310424303573127}, "pos": {"x": 6.344534522543981, "y": -0.41285295128586574, "z": 0.0}, "sec": 2655}